<?xml version="1.0"?>
<!--                                                                        -->
<!-- Copyright 2007 Google Inc.                                             -->
<!-- Licensed under the Apache License, Version 2.0 (the "License"); you    -->
<!-- may not use this file except in compliance with the License. You may   -->
<!-- may obtain a copy of the License at                                    -->
<!--                                                                        -->
<!-- http://www.apache.org/licenses/LICENSE-2.0                             -->
<!--                                                                        -->
<!-- Unless required by applicable law or agreed to in writing, software    -->
<!-- distributed under the License is distributed on an "AS IS" BASIS,      -->
<!-- WITHOUT WARRANTIES OR CONDITIONS OF ANY KIND, either express or        -->
<!-- implied. License for the specific language governing permissions and   -->
<!-- limitations under the License.                                         -->
<!-- Gears Upload sample                                                    -->
<!--                                                                        -->
<module rename-to="uploaddemo">
  <!-- Inherit the core Web Toolkit stuff.                        -->
  <inherits name="com.google.gwt.user.User"/>
  <!-- Inherit the default GWT style sheet.  You can change       -->
  <!-- the theme of your GWT application by uncommenting          -->
  <!-- any one of the following lines.                            -->
  <inherits name="com.google.gwt.user.theme.standard.Standard"/>
  <!-- <inherits name="com.google.gwt.user.theme.chrome.Chrome"/> -->
  <!-- <inherits name="com.google.gwt.user.theme.dark.Dark"/>     -->
  <!-- Other module inherits                                      -->
  <inherits name="com.google.gwt.gears.Gears"/>
  <!-- Specify the app entry point class -->
  <entry-point class="com.google.gwt.gears.sample.uploaddemo.client.UploadDemo"/>
  <!-- Rebind the entry point if Gears is not installed -->
  <replace-with class="com.google.gwt.gears.sample.uploaddemo.client.UploadDemoNoGears">
    <when-type-is class="com.google.gwt.gears.sample.uploaddemo.client.UploadDemo"/>
    <when-property-is name="gears.installed" value="false"/>
  </replace-with>
  <servlet path="/upload" class="com.google.gwt.gears.sample.uploaddemo.server.UploadServlet"/>
</module>
