<?xml version="1.0"?>
<project name="samples-common">
  <property name="gwt.root" location="../.."/>
  <property name="project.tail" value="samples/${sample.root}"/>
  <property file="${gwt.root}/common.properties"/>
  <import file="${gwt.root}/common.ant.xml"/>
  <property name="sample.package" value="${sample.root}"/>
  <property name="sample.main" value="${sample.module}"/>
 <!--
    Number of localworkers for sample compilation.  This depends on your
    hardware, so it's a good candidate to specify in local.ant.properties
    if this default isn't good for you.  Ideally, it should approximate
    the number of CPU cores in your machine.
  -->
  <property name="gwt.samples.localworkers" value="2" />
  <path id="classpath">
    <pathelement location="src"/>
    <pathelement location="war/WEB-INF/classes"/>
    <fileset dir="war/WEB-INF/lib" includes="**/*.jar"/>
    <fileset file="${gwt.google.apis.jar}"/>
    <fileset file="${gwt.user.jar}"/>
    <fileset file="${gwt.dev.jar}"/>
    <fileset file="${gwt.tools}/lib/javax/validation/validation-api-1.0.0.GA.jar"/>
    <fileset file="${gwt.tools}/lib/javax/validation/validation-api-1.0.0.GA-sources.jar"/>
    <!-- <fileset file="${gwt.tools}/lib/javax/validation/validation-api-1.0.0.GA.jar"/> -->
  </path>
  <!-- To be overriden for app-specific tasks  -->
  <!-- Can be used for copying jars etc.       -->
  <target name="before-compile"/>
  <target name="compile" description="Compile all java files" depends="before-compile">
    <mkdir dir="war/WEB-INF/classes"/>
    <gwt.javac destdir="war/WEB-INF/classes" classpathref="classpath"/>
  </target>
  <target name="gwtc" description="Compile to JavaScript">
    <outofdate>
      <sourcefiles>
        <fileset dir="src"/>
        <fileset file="${gwt.google.apis.jar}"/>
        <fileset file="${gwt.user.jar}"/>
        <fileset file="${gwt.dev.jar}"/>
        <fileset file="${gwt.tools}/lib/javax/validation/validation-api-1.0.0.GA.jar"/>
        <fileset file="${gwt.tools}/lib/javax/validation/validation-api-1.0.0.GA-sources.jar"/>
      </sourcefiles>
      <targetfiles path="$war/${sample.package}/${sample.module}.nocache.js"/>
      <sequential>
        <mkdir dir="war"/>
        <java dir="." classname="com.google.gwt.dev.Compiler" classpathref="classpath" fork="yes" failonerror="true" maxmemory="512m">
          <arg value="-localWorkers" />
          <arg value="${gwt.samples.localworkers}" />
          <arg value="-war"/>
          <arg file="war"/>
          <arg value="com.google.gwt.${sample.api}.sample.${sample.package}.${sample.module}"/>
        </java>
      </sequential>
    </outofdate>
  </target>
  <target name="devmode" depends="compile" description="Run development mode">
    <java failonerror="true" fork="true" classname="com.google.gwt.dev.DevMode" classpathref="classpath">
      <jvmarg value="-Xmx512M"/>
      <arg value="com.google.gwt.${sample.api}.sample.${sample.package}.${sample.module}"/>
    </java>
  </target>
  <target name="war" depends="compile, gwtc" description="Create a war file">
    <zip destfile="${sample.root}.war">
      <zipfileset dir="war"/>
      <zipfileset dir="${gwt.home}" includes="gwt-servlet.jar" prefix="WEB-INF/lib"/>
      <zipfileset dir="${gwt.build.lib}" includes="gwt-${api.name}.jar" prefix="WEB-INF/lib"/>
    </zip>
  </target>
  <target name="build" depends="compile, gwtc" description="Build this project"/>
  <target name="checkstyle" description="Static analysis of source">
    <gwt.checkstyle>
      <fileset dir="src"/>
    </gwt.checkstyle>
  </target>
  <target name="clean" description="Cleans this project's intermediate and output files">
    <delete dir="war/${sample.root}"/>
    <delete dir="war/WEB-INF/classes"/>
    <delete file="war/WEB-INF/lib/gwt-servlet.jar"/>
  </target>
</project>
